SA3_CODE_2016,Tot_1750_1999_A_55_64,Tot_1750_1999_A_65_74,Tot_1750_1999_A_75ov,Tot_1750_1999_Tot,Tot_2000_2999_A_15_19,Tot_2000_2999_A_20_24,Tot_2000_2999_A_25_34,Tot_2000_2999_A_35_44,Tot_2000_2999_A_45_54,Tot_2000_2999_A_55_64,Tot_2000_2999_A_65_74,Tot_2000_2999_A_75ov,Tot_2000_2999_Tot,Tot_3000mo_A_15_19,Tot_3000mo_A_20_24,Tot_3000mo_A_25_34,Tot_3000mo_A_35_44,Tot_3000mo_A_45_54,Tot_3000mo_A_55_64,Tot_3000mo_A_65_74,Tot_3000mo_A_75ov,Tot_3000mo_Tot,Tot_PINS_A_15_19,Tot_PINS_A_20_24,Tot_PINS_A_25_34,Tot_PINS_A_35_44,Tot_PINS_A_45_54,Tot_PINS_A_55_64,Tot_PINS_A_65_74,Tot_PINS_A_75ov,Tot_PINS_Tot,Tot_Tot_A_15_19,Tot_Tot_A_20_24,Tot_Tot_A_25_34,Tot_Tot_A_35_44,Tot_Tot_A_45_54,Tot_Tot_A_55_64,Tot_Tot_A_65_74,Tot_Tot_A_75ov,Tot_Tot_Tot
10102,176,32,3,877,0,11,203,361,415,216,38,9,1253,3,0,38,142,201,99,34,10,531,29,17,35,31,47,32,24,3,223,1044,1371,3112,3003,3238,2340,700,140,14949
10103,93,17,4,384,0,0,56,121,137,88,11,7,416,0,3,21,46,73,44,10,4,212,24,23,29,34,27,36,17,4,178,638,1144,1814,1640,2069,1642,581,126,9656
10104,241,41,4,890,0,4,86,202,290,234,44,9,877,0,6,25,84,119,120,40,7,404,39,38,53,66,83,112,30,9,438,1538,1461,3235,4345,6013,5756,1419,212,23975
10105,160,21,0,644,0,11,132,192,255,147,39,0,772,0,3,29,83,99,65,33,14,324,19,14,50,43,48,46,13,6,240,789,1063,2496,2396,2767,2141,650,131,12425
10106,72,29,0,398,0,3,83,133,156,105,30,17,525,0,0,15,62,107,67,30,12,299,7,12,24,35,38,26,21,5,166,421,746,1524,1794,2006,1602,657,149,8897
10201,621,76,5,2848,3,10,391,936,1049,689,126,16,3222,0,9,104,372,500,375,112,25,1493,94,88,151,162,221,148,50,15,927,4115,5382,10493,11883,13540,10395,2401,281,58479
10202,389,47,4,1998,0,7,310,694,731,438,75,4,2266,3,14,102,281,321,219,54,9,996,73,64,124,122,164,136,44,6,742,3623,4469,8685,9490,10427,7659,1603,175,46120
10301,237,40,5,1125,0,7,174,343,406,272,41,3,1245,0,0,40,87,132,126,41,8,439,35,30,41,50,76,50,21,9,310,1247,1974,3757,3823,4233,3350,1005,174,19570
10302,188,61,7,894,0,11,196,298,332,226,41,11,1119,0,3,40,111,168,131,56,20,530,29,27,73,69,82,67,58,33,436,1195,1716,3586,3943,4693,4130,1433,450,21138
10303,201,21,7,984,0,38,423,522,500,272,34,7,1798,3,12,146,203,238,148,38,7,790,21,21,46,62,65,55,19,14,306,960,1291,3194,3470,4149,3190,913,217,17386
10304,284,41,9,1558,0,23,428,686,616,338,59,5,2145,0,8,81,267,272,170,61,20,865,41,27,60,79,83,69,36,14,411,1477,2013,5121,5406,5452,4137,1238,253,25096
10401,177,21,4,700,0,5,87,207,222,165,20,6,720,0,3,41,73,91,81,29,7,325,21,10,34,59,59,53,14,13,265,1010,1123,2316,3176,3978,3605,829,185,16233
10402,344,37,3,1382,0,10,167,422,489,325,57,6,1468,0,3,50,157,185,152,57,4,612,48,51,75,67,120,100,26,15,498,2106,2508,5609,6531,7764,6496,1412,182,32611
10501,108,22,4,526,0,20,229,209,201,111,30,10,814,0,4,48,103,115,70,27,11,368,10,20,36,41,55,43,35,18,255,300,687,1976,1749,2089,1741,616,186,9355
10502,126,15,0,526,0,8,141,157,194,161,21,0,682,0,0,23,43,51,53,15,4,192,11,22,20,30,43,48,15,6,205,400,663,1607,1424,1725,1613,368,64,7870
10503,310,53,14,1474,0,8,246,434,506,347,45,12,1607,3,4,78,151,197,162,59,17,673,44,41,87,103,112,111,56,30,594,1599,2384,5639,5382,6072,4989,1523,390,27976
10601,315,35,3,1958,0,62,967,1324,1077,646,69,8,4153,3,8,251,461,453,255,68,10,1512,50,60,95,109,146,78,25,7,573,2148,2899,6863,7203,7100,5000,1161,218,32593
10602,243,30,3,1318,0,8,255,504,482,311,47,6,1617,0,8,73,201,225,166,46,9,733,33,51,64,72,89,54,20,4,394,1969,2691,5654,5660,5664,3857,823,108,26419
10603,320,37,5,1700,0,13,370,633,657,356,43,5,2074,0,4,68,206,254,164,46,6,745,41,42,72,68,85,81,24,4,410,1746,2417,5402,5576,6050,4338,979,150,26644
10604,137,26,0,789,0,20,346,412,438,217,33,6,1479,6,3,74,164,196,118,25,7,590,21,16,44,51,49,65,15,14,277,786,1148,2868,2827,2962,2196,605,146,13538
10701,373,40,3,1703,0,19,331,663,761,418,44,0,2240,7,5,54,194,245,168,33,0,702,18,38,81,79,91,64,20,9,401,1458,2417,4870,5564,6262,4401,757,84,25822
10702,3,0,0,7,0,0,6,4,0,0,0,0,14,0,0,0,0,0,0,0,0,0,0,0,0,0,0,0,0,0,0,3,9,20,12,12,7,0,0,58
10703,211,19,3,994,0,6,129,346,354,230,33,11,1103,5,4,40,139,139,95,26,4,446,22,43,53,67,54,42,14,3,303,1973,2505,4135,4618,4867,3540,738,108,22483
10704,567,83,11,2799,0,20,532,1248,1173,777,123,5,3885,0,4,142,505,586,393,96,7,1747,79,99,128,156,174,124,38,3,797,3262,5886,10774,11336,11365,7825,1624,191,52270
10801,92,16,4,325,0,3,34,108,110,89,21,4,371,0,3,12,34,42,46,13,8,154,24,17,14,38,36,41,9,3,172,614,587,1262,1684,2199,2011,535,91,8988
10802,142,20,3,623,0,7,67,181,174,128,26,4,589,0,4,25,68,82,69,24,3,276,15,19,41,44,61,54,26,3,272,904,1044,2232,2797,3499,3249,865,158,14753
10803,0,0,0,6,0,0,0,5,0,3,3,0,10,0,0,0,0,0,4,0,0,7,0,0,0,0,3,0,0,0,6,6,14,41,56,45,41,15,7,214
10804,251,27,3,1276,0,4,193,431,460,302,41,9,1450,3,4,58,187,225,156,50,0,682,40,32,67,101,115,89,26,19,486,1798,1898,4457,5645,6856,5426,1267,192,27531
10805,196,19,4,637,0,3,68,145,170,161,40,3,594,0,3,17,70,91,82,24,3,294,32,24,23,57,89,61,15,15,316,1042,1204,2504,3041,4153,3700,1006,175,16815
10901,270,40,7,1305,0,9,191,411,510,327,41,10,1494,4,4,41,135,209,182,50,3,633,41,45,75,87,113,83,34,7,496,1903,2593,5501,5540,6217,4910,1212,190,28063
10902,47,6,0,242,0,4,26,85,83,56,15,4,270,0,7,11,22,34,35,18,3,126,12,3,11,16,26,18,14,6,113,220,390,791,946,1230,1149,321,74,5125
10903,124,24,6,556,4,0,72,177,197,156,30,6,647,0,0,18,66,84,80,37,10,300,26,23,42,52,76,86,45,18,358,895,1218,2546,2855,3562,3485,1081,245,15892
11001,158,39,5,722,0,3,80,237,341,258,59,3,977,0,0,21,79,119,116,44,6,389,27,32,42,46,58,52,32,14,301,990,1484,2718,2805,3449,2831,952,215,15451
11002,113,35,9,469,0,7,57,128,151,96,30,8,465,3,5,17,35,58,80,31,7,235,12,21,21,35,55,72,47,29,287,764,958,1973,2450,3025,2788,1070,319,13346
11003,107,37,3,523,0,10,130,182,169,103,28,8,632,3,0,55,112,131,120,24,10,454,24,26,44,35,59,56,38,14,292,556,837,2137,2177,2417,2067,680,153,11027
11004,329,43,5,1625,0,22,400,612,623,391,46,13,2111,6,4,102,206,251,198,52,11,834,62,33,110,95,122,132,54,24,627,2064,2737,6788,6688,7390,6072,1699,361,33799
11101,321,35,10,1718,0,10,264,634,602,381,72,7,1968,3,7,79,275,311,205,57,13,952,70,70,116,103,129,78,23,0,593,3480,4753,8272,8049,8481,5887,1220,153,40300
11102,203,25,4,846,0,16,203,309,316,265,40,7,1154,0,4,77,164,200,151,30,3,627,22,42,46,50,62,52,20,0,291,1046,1578,3294,3589,3955,3269,767,81,17577
11103,1117,120,11,6059,0,52,1471,2783,2765,1680,181,22,8959,4,19,309,1193,1322,914,162,22,3946,86,139,257,268,262,173,56,18,1256,4639,9765,21769,21694,22139,15240,2624,355,98220
11201,277,46,8,1105,0,7,122,368,366,298,78,11,1250,3,7,51,176,225,176,75,14,730,42,32,78,102,108,90,41,8,502,1717,1960,4726,6121,6854,5891,1516,249,29042
11202,301,42,4,1139,0,4,120,323,398,335,56,10,1255,0,3,40,127,192,183,42,14,602,38,40,63,69,88,91,37,18,434,1752,2040,4303,5524,6913,6174,1572,308,28582
11203,258,46,8,1163,0,5,176,358,386,277,46,9,1261,4,5,59,156,207,135,38,11,602,29,48,78,78,111,88,17,10,475,1533,2033,4477,5513,6421,5495,1309,221,26997
11301,164,31,3,879,0,11,152,255,309,201,32,11,978,3,3,30,106,147,137,29,15,470,36,42,73,82,110,88,28,11,471,1282,1812,4205,4099,4742,3763,1059,242,21213
11302,65,8,3,298,0,8,56,98,132,82,11,0,391,0,5,8,30,37,37,9,0,129,10,3,17,18,27,35,10,7,116,299,384,965,1139,1367,1257,386,97,5889
11303,393,64,16,2082,0,10,357,701,685,493,79,13,2341,4,10,74,236,313,268,97,17,1025,60,71,115,125,127,137,54,31,716,2817,4440,8317,7931,8388,6730,1823,390,40838
11401,353,42,7,1619,0,13,203,530,548,383,58,17,1743,8,3,93,186,231,181,54,11,758,56,47,82,102,151,107,39,11,587,2277,2939,6071,6666,7807,6562,1524,206,34050
11402,204,54,10,856,3,3,98,258,348,250,74,16,1048,0,4,21,105,158,146,86,19,538,24,28,41,60,79,56,28,9,331,1328,1493,2876,3224,4132,3343,1281,253,17922
11501,596,125,12,3753,5,27,1101,2070,1644,925,197,3,5972,0,12,278,1205,1216,657,173,22,3563,68,107,187,173,182,126,43,11,897,3635,6001,12822,13923,12803,8554,2320,258,60322
11502,111,24,5,476,0,6,69,152,170,119,37,3,558,0,0,12,80,122,88,26,3,337,16,23,28,37,47,29,13,4,197,813,977,1646,1899,2324,1721,631,124,10139
11503,42,11,0,171,0,0,11,45,51,41,10,8,163,0,0,11,11,35,13,10,0,79,9,9,10,23,25,14,5,0,102,278,362,647,783,984,698,292,65,4114
11504,102,17,3,504,0,6,117,178,172,89,9,3,580,0,3,41,104,91,48,17,6,303,16,26,34,32,38,25,9,0,174,1213,1353,2142,2319,2139,1446,372,51,11035
11601,532,75,6,2676,0,22,554,967,919,563,96,6,3138,4,10,133,392,488,311,84,4,1427,59,87,155,149,165,128,29,7,788,2682,4636,10642,10691,10413,7422,1576,149,48225
11602,153,19,4,868,0,7,172,305,281,157,26,3,954,0,0,34,125,120,56,15,3,354,15,18,44,47,55,25,12,0,215,1165,1520,3318,3457,3135,1870,485,46,14999
11603,458,59,0,2616,4,22,562,1104,999,572,80,0,3344,7,13,128,418,445,274,63,3,1352,52,92,154,161,159,114,16,0,752,2221,4009,10358,10749,10016,6400,1171,68,44987
11701,640,87,6,4032,0,42,1248,2280,1930,1041,140,10,6699,4,9,425,1574,1618,866,95,13,4602,25,106,215,185,196,141,40,3,908,1505,4941,14511,14753,13806,8138,1564,148,59366
11702,197,52,3,1177,0,4,256,443,461,268,56,4,1484,0,0,61,192,241,132,56,13,696,6,32,68,71,84,50,10,3,324,803,2266,6253,5268,5016,3429,933,105,24081
11703,3641,688,83,38317,16,438,24043,29167,16718,7967,1372,138,79854,17,177,9850,28815,22856,9820,1990,250,73778,170,628,1924,1499,1133,656,215,53,6275,7878,46401,165773,129930,86609,47093,11029,1325,496038
11801,407,155,31,2831,4,41,913,1479,1087,638,253,46,4456,5,21,377,978,1133,735,368,106,3719,37,80,204,157,157,103,66,19,833,2016,5972,14020,10421,8745,6067,2652,551,50448
11802,468,85,14,2985,0,21,725,1291,1167,742,164,20,4129,3,8,145,591,734,538,172,21,2222,37,64,142,121,142,96,28,7,639,1579,4179,10595,9384,8618,6238,1748,243,42583
11901,612,87,15,3174,0,30,629,1254,1189,771,128,18,4020,5,13,124,494,649,374,128,14,1805,58,119,220,198,242,151,48,8,1040,2734,5463,13116,13367,13735,9602,2175,246,60435
11902,187,42,3,1092,0,12,257,418,368,241,60,8,1359,3,3,79,205,238,144,40,11,724,34,51,108,98,109,60,17,4,480,1145,2606,6436,6328,6441,4385,1020,144,28506
11903,275,39,8,1389,0,9,262,457,479,323,82,13,1626,0,4,76,219,262,181,65,16,819,38,61,81,82,96,67,18,9,452,1742,2732,5860,5502,6051,4305,1155,166,27520
11904,335,58,3,1799,0,16,487,777,742,448,82,6,2555,0,0,109,383,514,266,89,15,1384,24,49,138,107,92,68,24,3,505,1253,2907,7830,7352,7152,5128,1389,168,33180
12001,300,61,8,1984,0,10,676,1324,918,506,100,13,3546,0,11,231,879,852,380,109,21,2479,22,57,105,109,91,69,27,7,482,1263,3058,8729,8019,6730,4309,1161,141,33410
12002,198,50,10,1233,0,10,287,595,579,339,90,6,1911,0,9,95,343,396,247,108,11,1214,15,30,68,66,63,38,13,8,300,712,2056,5223,4813,4390,3011,988,133,21324
12003,618,117,9,3103,0,20,743,1356,1434,921,174,18,4660,7,11,182,626,726,473,149,28,2201,43,99,176,148,168,112,40,3,788,2216,4959,12310,11229,11691,8403,2048,290,53154
12101,700,185,28,5354,3,37,2258,3536,2400,1406,303,27,9965,3,17,628,2594,2825,1450,370,53,7943,40,100,275,226,226,152,52,14,1078,2558,7441,21459,18951,15714,10284,3007,402,79807
12102,239,53,4,1252,0,8,253,508,506,347,64,7,1704,0,3,74,238,274,200,59,15,861,27,34,72,68,70,55,22,8,357,1578,2410,4607,5000,5215,3849,1061,161,23876
12103,423,137,19,1900,0,13,360,721,872,608,193,36,2807,3,3,99,433,802,528,212,48,2125,23,49,61,85,100,65,25,15,433,1716,2669,5255,5599,7247,5245,2079,413,30213
12104,623,148,17,5892,4,42,3279,4897,2858,1381,311,36,12813,5,14,1122,4205,4076,1863,459,88,11831,31,97,243,223,191,107,67,15,977,1777,6379,22295,20208,14672,8274,2732,439,76772
12201,106,44,8,655,0,0,148,316,305,181,52,13,1007,0,3,53,247,288,196,77,19,881,14,19,39,39,60,21,9,11,211,789,1439,3100,2816,2750,1924,720,144,13686
12202,208,53,5,1021,0,4,197,395,459,283,92,22,1454,4,3,70,275,361,258,113,28,1109,24,29,66,64,69,74,24,6,352,1466,1973,3675,4215,4733,3554,1287,205,21101
12203,536,103,9,2900,0,15,677,1451,1283,724,167,17,4342,5,16,204,864,1039,555,133,32,2846,46,70,142,155,179,142,53,14,791,3188,4684,10931,11737,11938,8077,2481,391,53428
12301,143,29,0,1027,0,4,201,361,292,171,29,4,1055,0,3,45,138,154,90,17,3,460,39,46,74,60,69,46,9,3,351,1888,2323,4266,4437,4142,2721,575,53,20406
12302,473,69,0,2458,0,16,430,884,855,564,92,5,2846,3,14,103,322,354,237,59,11,1109,65,82,157,147,153,107,36,4,757,3180,4845,10097,10366,10413,7555,1540,130,48132
12303,107,21,0,622,0,14,200,327,261,204,18,0,1024,0,7,93,154,115,86,15,3,472,19,15,27,53,47,35,8,3,193,696,844,1952,2280,2180,1627,390,67,10027
12401,223,43,0,832,0,3,91,240,302,243,48,8,936,0,0,24,92,122,83,30,3,368,32,28,35,45,54,62,20,5,286,1406,1639,2733,3445,4233,3633,1136,145,18361
12402,0,0,0,0,0,0,0,0,0,0,0,0,0,0,0,0,0,0,0,0,0,0,0,0,0,0,0,0,0,0,0,3,4,6,0,3,0,0,0,16
12403,494,91,3,2672,0,22,474,901,895,636,116,5,3053,3,16,123,367,419,291,82,12,1315,77,90,169,159,149,101,29,8,786,3867,5107,10134,10131,9899,7449,1657,151,48388
12404,184,24,3,1002,0,11,192,351,428,262,46,10,1280,0,4,27,112,156,91,21,3,418,14,31,74,59,69,55,18,3,331,1214,1730,3369,3507,3867,2735,635,77,17121
12405,196,35,4,1061,0,9,171,329,318,230,37,4,1101,3,4,43,133,170,97,20,3,465,12,24,64,53,64,44,9,0,281,915,1612,4057,4166,4113,2846,553,62,18318
12501,535,76,3,3714,3,25,991,1960,1583,875,125,10,5581,10,32,265,790,878,546,120,15,2656,35,96,181,141,185,77,21,5,747,1687,4818,14531,13483,11958,7481,1467,136,55559
12502,230,54,0,1198,0,9,269,582,548,332,63,14,1818,0,3,81,278,347,218,32,3,958,11,23,60,47,64,45,11,8,274,774,1571,4171,4487,4633,3274,734,101,19749
12503,481,75,7,2505,0,24,490,986,959,600,88,9,3154,0,6,112,369,441,280,79,9,1302,49,85,207,172,190,133,31,3,861,1821,4303,11656,11724,11635,8305,1723,143,51310
12504,1118,175,8,6700,0,31,1775,3117,2793,1721,250,20,9709,0,13,368,1382,1536,975,220,26,4531,66,170,333,304,246,162,44,8,1325,3161,8500,23655,22154,19554,13391,2947,249,93612
12601,129,34,3,643,0,7,165,273,282,220,46,3,991,0,0,42,128,164,137,43,7,524,4,7,24,30,23,33,8,3,131,562,1008,2105,2117,2196,1795,549,101,10433
12602,894,167,15,6883,3,36,2758,5309,3644,1734,275,17,13782,3,17,824,3513,3512,1599,236,47,9749,67,120,287,270,256,151,37,17,1204,2900,7515,21974,23425,19271,11605,2620,357,89659
12701,152,17,0,939,0,5,188,327,288,165,25,5,991,4,0,30,96,139,76,20,0,369,14,20,55,64,51,46,11,3,264,886,1518,3504,3636,3528,2286,550,66,15974
12702,479,98,10,2560,0,12,442,818,820,522,103,8,2730,0,5,93,264,405,292,83,7,1164,46,130,176,172,201,135,33,6,906,2558,5070,11512,11347,11923,8267,1749,166,52594
12703,446,58,3,2791,0,31,756,1130,931,556,102,3,3512,7,14,158,436,541,340,96,22,1615,53,71,197,189,161,104,39,3,820,2673,5121,11939,11781,10960,7502,1503,184,51662
12801,407,88,6,2019,0,9,417,782,759,512,113,16,2605,4,4,144,414,470,317,131,28,1506,49,79,124,117,134,92,34,7,637,3177,4779,8562,8296,8222,6189,1742,247,41211
12802,307,64,8,1527,0,8,250,578,564,368,75,8,1855,0,3,58,215,282,185,61,6,815,33,60,77,73,75,62,25,8,405,2084,2518,4846,5331,5766,4397,1187,114,26249
19797,0,0,0,4,0,0,3,4,3,0,0,0,11,0,0,3,5,4,3,0,0,16,0,0,0,0,0,0,0,0,0,0,10,17,17,24,12,3,0,90
19999,809,155,3,5739,6,126,1511,2099,1788,912,192,19,6653,9,32,447,890,904,477,154,26,2938,122,267,559,603,663,511,140,46,2913,6207,13764,29918,30659,32366,23834,5924,688,143362
20101,421,40,4,2074,0,10,344,612,728,512,70,8,2287,3,7,82,324,370,253,51,8,1100,66,74,105,144,169,107,35,14,702,2857,4766,9226,9444,9973,7420,1542,195,45430
20102,54,18,0,229,0,0,30,67,70,64,6,3,252,0,4,7,29,37,38,18,3,138,8,11,18,16,28,36,11,7,132,378,553,1092,1418,1729,1546,543,118,7376
20103,42,13,3,200,0,0,17,63,67,44,10,0,204,0,0,9,19,25,28,8,3,87,7,9,19,22,33,22,17,8,134,384,497,972,1239,1662,1478,466,97,6801
20201,330,53,4,1798,0,17,315,596,682,391,60,7,2061,9,13,81,267,291,221,54,8,941,57,87,113,90,132,129,38,14,659,2770,4270,8380,8253,8895,6881,1371,170,40993
20202,105,21,8,529,0,3,83,172,196,126,25,10,611,3,4,22,68,109,73,20,3,299,28,24,43,42,62,63,22,13,295,845,1389,2645,2933,3793,3137,881,196,15823
20203,33,4,0,146,0,3,51,87,70,40,5,0,254,0,0,8,23,30,14,3,5,74,4,8,14,8,19,28,14,4,84,159,226,576,709,918,900,313,91,3890
20301,25,3,3,131,0,0,29,35,49,28,10,3,153,0,0,13,21,34,33,15,4,113,11,4,14,10,13,15,10,3,75,205,321,670,778,898,685,336,72,3958
20302,757,110,15,4351,3,14,890,1676,1637,998,140,10,5376,5,21,222,774,841,534,141,35,2577,105,162,253,281,346,239,66,18,1457,4959,8622,18567,18648,18963,13899,2792,334,86786
20303,130,31,10,714,0,0,81,207,219,160,49,5,726,4,3,34,113,153,95,39,5,456,39,24,39,62,77,59,23,0,328,1399,1679,3098,3583,3813,3016,921,127,17636
20401,182,46,11,806,0,3,95,195,249,188,63,17,801,0,4,34,65,96,79,53,21,354,42,30,58,76,89,83,41,16,427,1213,1733,3240,3529,4322,4025,1385,318,19755
20402,170,36,8,704,0,3,89,166,275,212,22,4,770,3,12,36,90,106,114,31,11,407,43,25,47,64,62,83,33,15,366,1103,1463,2905,3383,4186,3627,1069,244,17974
20403,278,46,3,1292,0,4,163,375,384,242,51,5,1230,3,9,39,130,184,119,44,6,533,49,42,87,88,98,90,45,13,523,1933,2672,5356,5720,6520,5435,1432,251,29310
20501,143,30,3,707,0,3,116,225,212,148,30,13,750,3,4,35,103,126,102,22,6,419,33,30,47,58,71,52,34,8,336,1098,1613,3204,3178,3546,2742,857,197,16436
20502,128,31,0,479,0,0,44,104,177,130,25,4,499,3,3,20,44,63,69,26,6,233,17,26,35,33,67,83,48,17,322,908,1098,2455,2778,3672,3506,1076,228,15725
20503,172,39,0,743,0,0,103,231,266,173,45,7,833,4,7,42,99,146,96,43,11,443,43,35,71,68,74,104,47,13,453,1288,1482,3338,3817,4842,4320,1371,302,20763
20504,325,44,3,1406,0,31,337,513,682,545,64,4,2171,3,6,100,197,409,293,39,4,1063,38,60,68,90,129,101,23,6,516,1658,2628,5665,5590,6268,4942,1060,165,27973
20505,158,23,3,777,3,13,241,281,319,218,37,5,1104,3,15,129,181,229,161,28,6,744,30,34,47,50,70,74,31,8,341,996,1362,3269,3195,3669,3301,913,182,16891
20601,183,27,3,970,0,3,174,320,335,202,43,7,1087,0,3,69,186,197,123,48,12,637,22,48,89,86,104,55,26,6,426,873,2431,6449,5278,4894,3322,858,127,24227
20602,138,20,0,644,0,3,129,249,218,139,23,6,769,0,3,47,130,138,91,23,3,436,11,19,46,54,67,40,8,5,246,529,1388,3597,3174,3052,2099,484,72,14387
20603,216,46,9,1052,0,3,221,410,405,230,40,10,1325,3,7,59,217,235,145,40,7,709,25,43,85,65,72,59,23,5,380,1137,2293,4982,4538,4380,2995,739,119,21178
20604,3566,591,74,32832,17,237,15801,23838,15178,7441,1118,86,63710,12,100,4924,18160,16008,7373,1500,164,48242,228,583,1561,1278,1095,727,179,57,5708,7929,36529,134518,110907,78134,43229,9251,1115,421617
20605,766,141,11,6365,4,49,2689,4259,3034,1428,291,29,11784,5,24,784,2881,2718,1297,327,53,8082,49,142,338,295,276,181,64,17,1375,1670,7883,28478,22809,17222,9994,2539,336,90934
20606,251,76,19,1749,0,11,640,886,676,363,136,29,2752,0,11,200,687,716,419,203,53,2292,26,60,139,91,96,77,36,9,530,1075,4343,10612,6723,5599,3681,1362,256,33646
20607,603,125,13,4928,0,44,2083,2946,1896,996,187,17,8173,3,36,623,1999,1832,869,283,46,5696,37,125,337,252,237,165,55,9,1210,1798,8296,27141,19204,13926,8443,2330,278,81417
20701,764,176,30,4370,3,14,1233,2289,2030,1224,332,43,7170,5,16,389,1553,1738,1048,343,51,5151,64,137,219,195,282,190,69,18,1176,2879,6931,17376,15295,15013,10588,3514,510,72106
20702,194,56,10,1091,0,6,208,405,355,259,63,5,1308,3,0,61,230,273,186,43,8,811,44,69,81,75,97,60,25,13,458,1797,3193,5269,4519,5089,3559,1101,203,24724
20703,558,90,8,2909,0,8,581,1267,1261,776,132,13,4049,0,3,127,591,734,435,96,15,1997,35,89,152,149,150,117,27,10,728,1846,4107,11561,10175,10460,7217,1720,215,47301
20801,297,80,3,1475,0,7,296,541,629,422,140,23,2064,0,9,102,411,569,368,143,31,1636,20,56,78,84,130,76,34,7,481,1497,2904,5894,5786,6764,4753,1682,247,29534
20802,371,87,10,1917,0,7,409,740,791,472,113,19,2549,5,10,138,448,513,311,122,20,1571,50,89,164,149,144,116,54,17,779,1793,3780,8913,8230,8322,6125,1970,293,39434
20803,583,105,8,2952,3,24,553,1175,1249,611,129,14,3768,3,9,157,600,685,405,125,22,2008,82,115,194,222,268,171,54,17,1119,3354,6244,13081,13441,14384,9694,2527,307,63030
20804,176,55,4,1032,0,14,243,412,402,248,54,19,1400,5,4,75,327,413,242,97,19,1189,25,51,76,74,79,43,23,3,372,1210,3180,5168,3881,4087,2861,890,143,21411
20901,416,81,8,2134,0,11,389,631,591,438,91,5,2164,0,5,87,403,461,326,99,17,1392,49,76,136,125,150,118,35,9,696,2138,3753,8774,8400,8935,6845,1715,206,40759
20902,324,46,6,1662,0,9,275,590,642,445,71,3,2025,4,3,80,248,312,228,58,8,948,42,60,132,104,132,84,27,4,590,1781,3666,8181,7509,7547,5122,1099,123,35028
20903,172,25,3,604,3,3,62,181,215,138,44,3,648,0,0,22,96,150,107,36,8,424,26,27,28,37,70,53,22,4,277,1252,1429,2191,2654,3134,2474,769,92,14000
20904,475,82,3,2539,0,17,530,918,826,498,71,10,2868,10,16,161,444,448,286,56,14,1431,76,134,220,222,252,167,44,10,1126,3578,5769,13446,12575,12198,7913,1631,202,57303
21001,262,39,3,1690,0,14,407,767,651,335,53,8,2231,4,5,97,355,400,211,46,7,1121,37,54,136,141,139,85,28,6,639,1541,3101,7733,7531,7371,4624,968,111,32979
21002,51,9,3,247,0,4,23,67,103,76,21,0,288,0,3,12,46,45,36,19,4,166,9,16,14,25,32,20,21,0,136,609,668,1072,1334,1627,1157,420,57,6946
21003,115,18,0,611,0,3,89,174,184,135,21,3,608,0,3,29,92,102,75,22,6,334,19,30,61,57,58,45,12,0,287,559,1329,3661,3323,3372,2214,486,65,15002
21004,61,10,0,277,0,4,39,86,86,66,16,0,304,0,3,19,38,46,28,3,3,144,15,22,18,25,38,33,8,3,160,785,973,1457,1535,1694,1285,276,34,8039
21005,682,81,7,4073,4,46,901,1612,1573,841,106,5,5089,3,21,288,750,937,455,99,15,2574,85,150,303,310,328,217,32,14,1441,2708,6736,18489,18031,17922,10831,1786,191,76693
21101,521,74,6,3092,0,13,660,1305,1362,736,109,21,4202,3,15,161,628,825,441,88,15,2180,71,116,205,213,241,169,64,10,1095,3826,6318,13665,14124,15393,10768,2468,288,66860
21102,66,25,0,220,0,0,24,66,81,72,18,4,258,0,0,12,27,64,50,16,7,173,0,16,8,22,22,13,3,3,92,262,390,730,806,1176,861,327,71,4622
21103,384,63,3,1957,0,13,368,687,695,475,83,5,2323,3,7,86,332,407,243,76,8,1160,48,93,130,162,186,133,31,14,798,2584,4351,8638,8796,9609,6865,1733,195,42764
21104,185,38,5,1029,0,5,156,469,451,294,55,4,1432,4,6,37,251,284,158,47,7,792,29,36,58,60,104,50,22,8,369,1366,2109,4568,4739,5128,3565,1071,128,22671
21105,320,51,3,1463,3,7,188,433,512,307,60,8,1513,5,8,60,183,254,153,57,13,739,96,79,135,160,207,140,51,18,878,3135,3804,6964,7814,8848,6758,1921,280,39531
21201,176,30,8,931,0,5,173,283,291,181,33,9,980,3,13,49,140,163,104,39,10,521,46,55,78,75,90,60,30,10,445,1891,2484,4927,4855,4961,3402,895,177,23603
21202,281,26,0,1693,0,12,305,569,623,341,61,9,1918,3,10,96,276,376,205,50,11,1023,60,80,124,133,170,112,25,7,716,2453,3988,8218,8163,8358,5354,1111,136,37780
21203,188,23,3,939,0,13,140,257,223,164,32,0,823,8,6,46,117,103,87,23,3,396,32,61,83,99,108,88,16,8,493,1979,2516,5664,5372,5078,3329,754,94,24792
21204,961,150,15,5151,5,36,976,2033,2097,1171,210,26,6555,8,11,218,889,1127,707,169,20,3155,77,190,378,380,476,324,93,19,1939,3332,8605,24060,24996,25943,17212,3605,346,108092
21205,1074,172,22,6605,3,31,1651,3397,2950,1638,266,23,9966,9,20,399,1634,1932,1009,237,28,5262,68,183,328,309,373,232,68,11,1572,3133,8669,24947,24377,23289,15116,3457,421,103405
21301,447,66,3,2393,6,20,472,829,732,455,66,3,2586,3,10,130,317,431,239,44,7,1184,72,103,224,226,233,170,45,12,1080,2713,5076,12765,12408,11871,7842,1484,141,54288
21302,394,72,4,1970,0,21,439,818,859,600,79,3,2818,0,0,108,340,461,302,46,9,1269,30,55,131,120,156,92,19,7,605,1355,2586,7262,7659,8022,5438,1016,100,33435
21303,312,48,3,1700,3,13,342,664,608,413,60,8,2115,0,12,119,322,365,229,59,6,1114,40,75,137,119,135,82,19,3,613,1785,4209,9207,8296,7751,5250,1068,97,37665
21304,184,27,3,1189,0,7,254,394,364,208,30,0,1263,3,4,78,173,174,84,21,0,534,54,56,113,120,117,60,29,9,551,2088,2932,6656,6730,5941,3736,774,87,28946
21305,487,54,6,2917,0,24,538,1069,951,560,93,3,3242,4,9,164,438,521,283,62,6,1495,69,140,238,241,258,164,51,7,1172,3348,6154,15995,15469,13584,8251,1524,133,64450
21401,331,46,3,1799,3,14,323,588,571,363,69,4,1940,3,18,103,308,392,237,76,16,1154,56,101,139,158,187,143,38,6,813,2519,3872,8488,8535,9155,6429,1539,182,40714
21402,433,84,14,2069,0,4,267,617,692,426,130,14,2148,0,5,104,256,414,253,131,39,1211,90,116,141,186,212,186,82,11,1032,3898,4978,8412,9637,11183,8302,2666,377,49461
21501,264,37,11,952,0,12,120,240,320,196,49,18,969,4,7,45,98,119,125,47,15,451,38,38,74,87,110,112,35,12,502,1471,2005,4292,4403,5750,5212,1543,424,25097
21502,184,18,7,793,0,4,87,213,253,152,30,5,750,4,6,39,96,117,104,31,0,389,31,43,64,77,87,74,31,13,407,1128,1725,3819,3891,4284,3436,906,140,19322
21503,112,29,3,468,0,6,71,147,155,124,20,6,518,0,5,36,74,94,67,23,10,308,17,25,40,44,77,67,28,13,317,891,1263,2665,2735,3464,3161,919,205,15300
21601,130,32,0,597,0,7,85,170,174,134,15,13,603,3,3,26,63,84,83,27,8,286,30,17,42,53,87,65,26,5,317,1037,1201,2526,2874,3659,3110,802,179,15393
21602,103,16,4,445,0,3,57,99,113,59,18,0,352,0,3,18,43,61,54,18,14,213,27,29,37,43,68,70,14,13,293,760,820,1766,2005,2386,2061,607,129,10542
21603,246,31,9,1158,0,16,178,385,406,265,51,13,1305,0,11,60,158,206,164,43,10,658,49,45,80,101,113,106,38,14,551,1634,2387,5580,5687,6267,4836,1169,222,27776
21701,144,34,4,647,0,3,83,191,266,159,38,6,745,3,0,29,55,78,101,36,7,312,17,30,47,41,59,75,34,12,318,900,1068,2270,2643,3478,3032,959,219,14565
21703,125,31,10,614,3,0,111,171,240,163,25,7,724,0,7,45,110,142,93,34,16,445,28,32,54,57,78,58,30,5,352,992,1389,2950,2989,3639,2926,965,189,16027
21704,154,24,3,794,0,11,150,319,277,193,38,11,992,3,3,34,150,200,132,36,3,562,25,24,61,57,61,66,27,9,325,1170,1771,3699,3824,4190,3180,822,146,18799
29797,0,0,0,11,0,0,0,5,12,8,0,0,28,0,0,5,20,20,14,0,0,60,0,0,0,0,0,6,0,0,5,0,3,26,43,57,28,3,0,155
29999,635,104,20,4907,3,105,1291,1748,1372,696,126,22,5374,16,32,365,696,731,386,121,16,2357,120,306,559,582,680,477,158,34,2924,4420,12149,27240,25210,26105,18622,4673,612,119037
30101,152,21,3,718,0,3,125,240,238,147,25,0,784,0,4,40,123,145,89,23,0,435,39,37,45,51,55,39,10,3,269,1788,1983,3550,3660,4043,2982,716,75,18803
30102,221,36,3,1045,0,8,210,328,411,228,36,11,1222,7,4,59,151,230,164,45,9,667,45,40,58,71,87,63,16,4,384,2187,2076,4118,4593,5256,3992,967,121,23321
30103,368,69,3,2285,0,19,498,1077,1042,536,74,3,3256,0,0,140,488,604,291,57,7,1600,46,60,112,122,130,94,13,6,589,2035,3187,8310,9083,8845,5621,1124,94,38296
30201,81,19,3,395,0,4,70,113,139,87,13,0,428,0,0,17,53,74,60,20,3,223,13,13,11,13,25,15,9,0,89,658,775,1373,1518,1704,1234,313,42,7613
30202,316,49,0,1887,0,23,495,813,716,375,56,11,2486,5,4,111,355,380,172,47,16,1082,49,61,83,105,110,62,23,3,488,2439,4087,7938,7707,7698,5165,1025,128,36198
30203,660,83,5,4043,4,49,1143,2134,1982,1028,135,14,6484,0,12,326,1010,1202,649,91,19,3312,59,77,206,201,195,142,39,9,927,2527,5670,14561,14938,14682,9289,1751,175,63600
30204,97,4,0,501,0,6,98,170,161,84,21,0,529,0,0,24,62,68,44,14,8,216,13,18,18,29,39,24,15,0,166,895,1033,2169,2375,2593,1773,431,48,11319
30301,101,25,0,650,0,11,160,332,318,202,34,0,1054,3,5,58,157,187,104,16,0,525,24,27,42,39,45,23,3,0,204,1235,1844,2946,2895,2876,1993,486,46,14327
30302,383,65,3,2620,3,27,716,1023,939,560,95,11,3373,0,20,156,507,544,314,78,13,1640,18,41,121,116,77,65,15,3,462,1535,4037,9917,8929,8278,5405,1195,129,39417
30303,274,37,3,1707,0,14,400,829,771,425,75,10,2522,0,3,133,392,410,215,62,7,1223,26,60,100,99,89,53,11,4,442,2102,3802,7964,7277,6828,4464,985,108,33532
30304,180,29,4,1099,0,12,219,482,445,261,51,10,1478,0,0,63,177,214,141,52,6,662,12,32,52,44,57,41,16,0,249,817,1944,5049,4889,4545,3004,669,70,20987
30305,383,58,6,2156,0,22,402,885,810,498,72,11,2698,3,4,115,325,408,224,47,12,1133,33,62,108,147,127,97,31,4,621,1475,3477,9041,9369,9259,5815,1132,120,39692
30306,69,5,3,287,0,0,37,77,96,60,7,0,274,0,0,18,47,53,47,16,3,193,5,13,17,11,26,19,3,3,102,305,722,1820,1652,1609,1234,361,43,7739
30401,59,10,0,371,0,8,95,170,175,90,17,0,564,0,3,38,92,108,60,21,0,325,13,18,30,32,28,23,8,0,160,895,1190,1897,1957,1969,1343,414,25,9698
30402,84,27,4,384,0,3,69,134,200,133,43,9,589,0,0,12,94,141,104,30,15,412,9,15,14,14,23,29,8,7,114,609,853,1324,1630,2002,1335,549,97,8399
30403,220,33,4,1447,0,8,247,576,592,349,82,10,1858,0,9,50,211,414,314,99,17,1118,18,31,61,47,53,36,15,6,266,1875,3788,5902,4914,4486,3113,906,123,25104
30404,167,21,0,1020,0,18,212,369,390,205,28,3,1220,0,4,27,115,136,71,23,4,378,20,33,59,33,44,27,5,5,225,1309,2694,4319,3349,3190,2058,503,58,17477
30501,2132,248,29,16721,4,127,6351,10619,8385,3783,472,35,29782,8,49,1945,7469,7240,3270,552,63,20606,88,240,568,483,476,253,80,16,2189,5180,20169,56371,50925,40097,21852,3995,393,198985
30502,117,22,0,750,0,12,187,349,314,148,30,8,1047,0,6,58,205,227,112,32,12,651,13,10,51,42,34,26,7,3,184,772,1619,3455,3328,2930,1678,437,67,14292
30503,666,91,5,4754,0,65,1674,2720,2295,1105,154,12,8026,0,17,361,1336,1466,742,165,31,4125,45,92,162,172,179,82,26,0,745,2346,6238,16398,14992,12905,7756,1752,213,62596
30504,294,77,5,2164,0,18,824,1377,1046,515,98,5,3889,3,10,301,1149,1161,529,109,24,3287,31,56,87,97,83,64,12,3,428,1832,4152,8955,8167,7143,4416,1147,130,35942
30601,115,21,0,552,0,0,94,225,247,139,38,8,754,0,3,33,100,138,84,25,0,384,18,20,22,48,43,41,20,0,221,1069,1059,2480,3151,3252,2163,597,51,13827
30602,510,79,12,2700,5,16,518,813,994,597,78,12,3030,4,10,133,374,424,303,81,24,1355,65,80,156,167,187,132,41,10,847,2880,4444,11062,12077,11916,8201,1899,226,52699
30603,94,21,3,409,0,3,53,109,150,112,25,6,471,0,0,17,41,59,59,23,10,204,25,20,40,46,64,59,22,11,280,758,1076,2270,2286,2977,2652,740,165,12925
30604,40,0,0,166,0,0,21,40,53,40,4,0,160,0,0,10,17,38,30,6,3,97,9,5,17,18,35,23,15,3,121,266,394,1114,1107,1324,1039,305,59,5606
30605,116,31,3,457,0,0,73,115,158,115,19,0,479,4,4,34,46,67,60,22,9,235,25,18,31,48,73,61,41,14,311,977,1012,2214,2662,3413,2928,909,178,14288
30701,218,38,19,1254,5,49,593,600,531,299,63,10,2150,3,4,224,331,355,185,67,14,1185,34,21,69,87,101,100,64,26,509,1094,1714,4740,4580,4987,3711,1230,371,22425
30702,155,39,3,892,0,21,242,331,408,192,43,8,1242,3,10,48,135,147,107,44,4,501,29,27,41,38,92,64,40,14,338,1143,1583,3325,3677,4261,3305,1176,277,18747
30703,79,22,3,406,0,3,54,109,131,88,28,8,420,0,7,26,42,74,56,26,9,232,25,22,41,49,60,56,39,16,304,1063,1157,2208,2736,3400,2918,1032,232,14748
30801,159,30,3,1192,0,66,648,751,668,340,38,6,2522,0,6,300,488,379,206,41,8,1431,26,19,56,64,90,59,18,3,340,780,1301,3732,3803,3656,2223,479,78,16058
30803,449,65,5,2243,3,28,553,790,902,575,67,7,2932,5,12,100,268,384,280,79,28,1153,65,55,122,103,144,116,49,15,666,3415,4469,9264,9093,10054,7411,1521,260,45480
30804,52,6,0,341,0,24,164,193,202,85,20,0,684,0,3,45,85,100,65,22,3,332,5,7,22,18,25,26,9,3,114,327,499,1232,1246,1293,924,263,66,5843
30805,280,30,6,1681,0,70,795,1047,1010,529,51,6,3509,0,26,353,614,582,329,41,7,1944,35,29,76,86,115,66,23,8,435,1408,2238,5547,5779,5889,3746,761,99,25466
30901,173,46,0,1137,0,17,265,498,405,206,63,13,1458,5,14,120,270,281,170,54,9,922,62,71,120,108,110,72,38,10,586,2603,3893,7582,6865,6334,4370,1359,162,33177
30902,119,21,3,680,0,4,91,227,218,157,23,5,731,3,3,42,143,165,123,37,4,527,38,26,35,59,73,48,22,3,316,1341,1619,3301,3770,4046,3073,824,85,18047
30903,100,36,3,560,0,6,98,200,235,129,59,4,741,0,0,35,137,128,90,42,15,450,30,32,41,61,65,39,14,5,293,1347,1939,3620,3650,3987,2896,1023,123,18587
30904,41,9,0,208,0,0,32,74,75,44,18,3,243,0,0,3,19,32,18,11,4,83,10,0,12,16,21,25,9,3,85,340,296,637,888,1109,866,303,70,4513
30905,61,7,0,306,0,0,23,91,91,49,8,0,269,0,0,15,54,57,34,10,3,162,8,14,22,34,24,13,8,0,119,358,438,1105,1542,1629,1147,327,38,6588
30906,155,31,0,787,4,11,137,309,291,151,35,3,941,4,20,47,134,146,84,26,4,468,22,24,52,59,73,41,18,0,297,1189,1612,3664,4137,4152,2938,800,81,18582
30907,288,55,10,2147,0,33,500,818,777,354,72,3,2559,0,13,123,366,439,240,87,19,1285,76,99,152,157,176,92,37,10,803,3309,4847,10574,11190,9979,5805,1424,148,47269
30908,186,33,0,1146,0,9,254,474,440,228,42,0,1451,3,4,90,255,246,127,40,4,771,28,30,72,72,71,67,20,4,359,1309,2436,5245,5328,5063,3434,850,79,23756
30909,440,77,3,2850,0,48,954,1255,1168,655,102,13,4184,3,26,292,662,692,454,113,24,2257,31,75,119,175,170,141,39,9,754,2081,4117,10733,10716,10903,7513,1879,195,48142
30910,154,53,5,961,0,10,186,419,358,233,65,13,1286,0,10,100,292,321,211,72,22,1022,32,52,69,85,72,53,19,4,384,1446,2968,6185,5370,5051,3529,1112,152,25809
31001,275,54,5,1760,0,22,340,706,713,388,60,0,2233,3,0,87,243,318,174,53,0,881,29,42,90,119,117,68,13,10,483,1400,3009,7531,7786,7791,4743,951,76,33286
31002,148,23,0,919,0,7,194,360,352,165,27,0,1113,4,3,30,132,123,78,20,3,397,22,26,52,62,71,60,28,12,346,1097,1573,3719,3700,4155,3029,965,205,18437
31003,268,37,3,1649,0,8,283,549,536,311,39,4,1736,7,3,71,197,249,153,43,8,735,54,69,113,116,103,88,21,4,572,2460,3448,7461,7737,7766,5196,1015,103,35174
31004,154,20,0,972,0,8,190,384,354,186,29,4,1157,0,3,62,167,168,92,22,0,525,31,24,65,71,75,46,13,0,322,1770,2215,4927,4825,4376,2724,548,47,21429
31101,40,12,0,179,0,0,30,42,55,32,3,3,170,0,0,9,27,29,23,9,0,97,4,3,18,23,22,26,8,3,110,358,416,835,1054,1230,936,285,56,5164
31102,77,10,0,452,0,3,80,150,152,88,8,0,477,0,0,17,49,52,49,12,0,183,16,20,29,34,43,22,7,6,174,734,998,2156,2347,2169,1485,343,29,10260
31103,80,24,0,575,0,13,105,223,254,123,17,0,731,0,4,31,96,106,70,23,3,329,35,45,61,71,59,45,12,0,330,1638,2056,4195,3859,3805,2539,510,38,18653
31104,43,8,0,233,0,3,40,84,86,43,7,0,269,0,0,14,44,31,17,5,0,116,17,9,19,40,32,19,9,3,149,581,619,1191,1607,1562,985,261,32,6839
31105,192,38,3,1069,0,11,275,429,403,210,24,0,1345,0,3,78,189,230,106,26,3,640,27,38,69,79,60,63,15,0,349,1686,2465,5052,4983,4729,3228,704,53,22894
31106,197,30,0,1259,0,10,243,447,477,256,43,5,1479,0,3,71,185,186,146,52,0,642,40,50,91,101,92,70,27,3,474,1810,3027,6977,6767,6278,4389,1019,82,30353
31201,227,25,0,1600,3,101,1150,1210,983,430,47,7,3931,3,20,410,643,542,248,38,6,1907,30,21,72,85,87,85,20,12,415,861,1526,4777,4847,4611,2866,557,101,20144
31202,467,56,3,2487,3,70,858,1109,1057,636,60,15,3802,4,10,162,425,475,311,56,16,1469,65,88,160,162,240,163,58,17,955,2965,4072,9406,9506,10499,7397,1521,253,45605
31203,54,8,0,238,0,3,49,77,87,65,18,3,303,4,0,25,51,52,45,11,3,189,15,17,28,26,29,27,15,0,157,528,1024,2192,1888,1846,1394,365,60,9292
31301,33,16,0,180,0,0,17,48,53,29,15,3,163,0,0,8,40,21,38,6,6,118,14,6,27,22,14,15,10,3,102,437,445,881,964,1214,1015,313,47,5328
31302,153,12,0,849,0,13,190,264,310,152,19,3,954,4,3,37,129,140,78,22,3,422,34,40,72,64,83,61,13,3,365,2034,2456,4810,4773,5192,3423,666,66,23421
31303,28,3,0,127,0,0,25,30,42,27,10,0,131,0,0,3,14,14,16,8,0,60,12,11,7,10,20,13,4,4,76,211,276,696,808,948,714,234,53,3944
31304,78,6,0,535,0,8,70,163,192,87,15,0,542,3,3,24,66,93,54,13,0,259,27,21,37,50,37,36,7,3,219,1084,1305,2601,3039,3174,1951,404,36,13601
31305,126,26,0,747,0,5,170,265,263,138,41,4,892,0,3,47,117,145,86,32,0,435,33,31,46,78,69,39,18,6,313,1573,1776,3538,3940,4223,2900,771,80,18806
31401,78,20,0,489,0,0,91,206,239,135,40,4,717,3,3,33,112,144,70,23,3,383,30,17,33,46,46,30,7,4,213,1553,1409,2257,2995,3126,2045,639,69,14088
31402,81,11,0,542,0,6,154,233,213,101,6,0,721,3,3,56,100,105,63,7,4,336,32,26,44,39,41,28,3,0,209,1752,1794,3443,3428,2970,1678,366,28,15454
31403,153,22,0,840,0,5,179,352,310,174,33,0,1053,3,6,43,156,166,77,28,4,479,20,36,57,51,72,46,17,0,296,1256,2071,4361,4731,4429,2963,604,34,20443
31501,107,16,5,685,0,30,241,265,257,189,26,3,1018,0,0,45,104,92,77,13,4,338,28,36,65,64,70,59,17,4,344,430,880,2489,2450,2537,1859,415,84,11149
31502,201,45,5,1391,6,109,1027,908,785,403,42,4,3294,0,7,206,335,307,147,40,7,1046,27,31,59,65,88,73,27,6,376,797,1504,4298,3623,3531,2292,569,81,16689
31503,106,17,5,388,0,3,90,117,143,99,21,6,475,0,7,29,57,79,74,26,3,275,10,9,33,24,42,65,25,9,227,474,752,1643,1555,1959,1845,554,129,8920
31601,163,34,0,918,0,4,127,286,364,197,40,3,1020,0,4,38,142,195,137,20,4,535,20,14,50,31,61,42,14,10,241,934,1357,3125,4058,4722,3131,748,53,18124
31602,198,37,5,1072,0,7,228,410,451,223,44,5,1362,0,0,77,227,217,166,51,9,747,39,45,79,82,125,70,16,12,456,2315,2502,5179,5980,6532,4415,1001,132,28054
31603,193,22,3,1071,0,6,189,463,493,239,50,5,1445,4,0,65,226,246,169,41,0,757,50,53,77,87,97,64,19,3,440,2601,3018,5498,6010,6121,4532,984,95,28864
31605,142,23,3,630,0,3,79,203,267,163,53,3,772,0,3,27,136,192,92,49,4,511,28,26,37,59,61,45,15,0,267,1396,1333,2713,3792,4382,3164,848,101,17714
31606,90,17,3,368,0,4,40,96,153,107,23,9,438,3,4,22,66,83,55,31,6,264,19,25,28,47,39,40,10,6,217,988,1105,1965,2433,2987,2468,772,129,12846
31607,148,29,4,950,0,20,311,401,385,232,36,3,1385,0,4,121,235,227,160,26,0,775,22,20,53,60,60,62,12,4,292,829,1216,3245,3946,4295,3008,667,75,17280
31608,56,10,0,267,0,5,66,140,75,63,22,0,374,0,3,23,86,71,46,18,0,243,6,4,13,16,21,20,0,3,81,254,322,809,1223,1401,1073,305,35,5426
31701,604,89,5,3158,3,55,672,977,1186,746,115,5,3765,7,11,184,453,498,364,96,13,1633,83,92,151,166,210,143,60,13,921,4563,6500,13382,12857,13811,10246,2433,302,64098
31801,175,32,10,690,0,8,130,201,203,146,40,7,737,0,0,40,85,102,99,36,8,376,25,30,37,64,87,81,46,17,382,1145,1313,2599,3151,3873,3246,977,244,16534
31802,731,97,9,4449,0,64,970,1616,1666,857,121,11,5297,3,14,196,546,654,432,86,11,1943,97,138,221,211,251,195,52,15,1178,5493,9921,18663,17071,16800,11221,2265,244,81677
31901,241,32,8,1077,0,10,181,298,360,248,49,12,1160,3,0,36,124,190,116,36,12,520,41,49,86,79,129,85,33,16,518,2227,2604,5319,5908,7008,5470,1215,198,29956
31902,109,17,3,543,0,22,129,225,259,148,37,10,817,3,0,46,86,81,78,28,6,334,37,21,40,69,82,80,49,20,401,1094,1293,2759,3204,3941,3278,1160,295,17019
31903,130,15,7,554,0,19,54,160,189,109,23,0,550,0,3,19,56,91,57,18,3,250,27,29,46,51,80,54,25,11,322,1065,1143,2464,3068,3935,3091,804,150,15717
31904,111,7,0,556,0,9,92,152,173,124,11,0,559,5,3,35,80,85,71,12,6,302,18,17,30,33,47,49,12,3,221,1211,1224,2712,3442,3929,2984,553,70,16138
31905,117,20,4,551,0,3,61,119,166,103,19,0,476,0,7,21,43,41,29,14,8,175,19,16,27,31,51,52,15,4,210,828,949,2017,2673,3219,2621,580,107,12998
39797,8,0,0,17,0,0,11,10,14,12,3,0,47,0,0,5,6,5,4,0,0,28,0,0,0,0,0,0,0,0,3,3,16,42,53,44,37,7,0,202
39999,628,81,9,4683,3,120,1311,1633,1398,746,120,14,5346,7,41,393,734,704,376,91,14,2356,96,178,394,455,446,328,108,26,2040,4033,9110,21309,21763,22360,16113,3813,410,98920
40101,1440,211,26,8471,4,29,1866,4102,3958,2330,311,15,12618,3,9,440,2049,2453,1651,379,48,7031,52,150,321,263,264,201,64,18,1321,2837,10513,30181,28162,25342,17026,3268,318,117645
40102,180,52,3,831,0,0,100,221,274,169,40,5,813,0,5,32,94,155,108,54,11,461,27,28,41,47,63,52,19,4,287,1562,2030,3306,3789,4619,3581,1208,189,20274
40103,216,57,9,947,0,8,166,387,426,286,83,12,1370,0,10,67,230,344,235,102,14,1003,17,20,31,31,45,31,14,6,195,807,1454,3397,3480,3629,2847,945,142,16709
40104,116,13,0,425,0,7,43,80,116,108,20,3,382,0,0,14,44,50,28,14,4,156,9,11,22,25,29,33,3,0,128,570,866,1861,1903,2188,1642,449,58,9549
40105,214,53,3,1149,0,0,184,413,429,301,69,9,1414,3,3,57,215,310,242,66,7,909,19,33,54,53,55,45,18,0,279,1258,2511,5104,4705,4870,3555,917,134,23053
40106,88,14,0,388,0,3,33,134,136,82,26,3,422,0,0,20,39,63,59,20,8,209,6,7,24,15,30,31,8,0,119,487,867,1750,1546,1629,1343,367,52,8055
40107,183,43,0,932,0,3,233,479,444,271,67,11,1508,0,5,74,263,337,219,62,8,977,7,32,45,51,45,39,15,0,238,780,1820,4343,4179,4059,3171,909,110,19370
40201,75,11,3,416,0,3,48,116,108,100,15,0,392,0,0,32,37,61,46,9,6,190,20,16,25,33,29,27,8,3,163,728,955,1961,1968,2169,1542,331,51,9713
40202,211,28,0,1050,0,5,176,286,311,177,22,0,983,0,6,40,133,164,75,23,6,447,36,38,65,68,68,53,8,5,354,1535,2406,5583,5124,5571,3744,668,71,24698
40203,214,38,0,1069,0,11,127,312,348,209,25,3,1034,4,0,20,134,147,82,28,10,418,14,25,74,49,75,46,12,7,299,1160,2045,5145,5268,5264,3786,750,76,23484
40204,453,62,3,2586,0,23,416,1011,1158,639,87,12,3335,6,4,66,264,403,249,43,5,1042,44,57,136,114,151,98,24,11,636,2168,4176,10494,10376,10758,7024,1312,137,46444
40205,224,35,0,941,0,13,129,230,273,169,27,0,841,0,6,32,98,101,90,20,0,352,34,28,48,51,67,42,15,8,291,2082,2503,4193,3999,4456,3384,820,74,21518
40301,121,26,3,451,0,3,39,117,124,116,24,3,430,0,0,17,68,75,85,38,8,282,9,16,31,28,39,30,8,7,169,1035,1482,2384,2136,2388,2083,592,89,12191
40302,211,37,0,915,0,8,125,290,322,206,41,3,989,0,5,31,95,109,92,29,3,372,14,31,60,47,66,40,12,8,279,1374,2281,4510,4344,4654,3619,921,108,21818
40303,392,62,6,1695,0,3,292,515,571,375,72,10,1837,0,0,54,267,310,229,77,11,951,15,24,54,61,86,47,21,9,314,1260,2405,5516,5727,6253,4872,1166,169,27360
40304,361,60,0,1516,0,7,184,377,441,299,51,7,1366,4,8,52,165,205,123,49,3,616,65,47,91,106,109,82,29,4,540,3032,3673,7153,7653,8347,6317,1558,158,37893
40401,351,52,11,1658,0,17,286,529,504,369,65,3,1783,3,15,93,254,319,222,82,16,1001,44,63,79,90,126,74,27,3,510,2146,3953,8388,7861,8854,6528,1513,176,39422
40402,508,51,3,2478,0,27,428,874,1027,630,89,3,3078,0,15,85,253,391,259,52,7,1058,25,32,100,116,118,82,23,5,494,1413,3362,8466,8601,9519,6735,1257,136,39493
40403,458,59,5,2451,0,7,459,918,1044,648,106,8,3196,0,0,92,370,507,307,80,16,1378,37,62,128,102,130,83,23,3,563,1543,3597,9499,9778,10365,7104,1438,157,43485
40501,135,34,3,561,0,5,71,204,207,121,28,0,634,0,3,25,57,104,68,38,4,300,18,16,33,35,49,49,18,8,217,762,1104,2336,2823,3324,2651,789,142,13934
40502,79,26,3,341,0,9,44,76,108,101,24,3,363,0,0,10,35,48,50,17,6,166,9,15,26,26,38,38,13,6,174,411,638,1479,1563,2069,1933,629,154,8869
40503,119,17,0,470,0,7,81,105,158,121,18,3,486,0,0,36,46,58,63,16,0,228,18,11,25,18,44,37,17,8,189,570,813,1697,1834,2360,2127,545,99,10046
40504,79,12,0,309,0,0,32,66,98,64,29,7,299,0,3,7,40,42,34,14,4,142,6,12,21,16,20,32,8,11,134,492,588,1257,1394,1939,1801,489,139,8097
40601,240,31,3,1250,0,13,240,375,402,251,34,5,1325,3,8,65,156,158,148,35,7,578,28,38,65,74,103,83,28,9,429,1239,1828,4381,4500,5394,4150,936,165,22591
40602,218,27,3,1244,4,65,657,654,584,310,29,5,2311,0,9,150,241,244,126,28,10,805,19,30,38,39,56,55,18,6,259,526,1167,3214,2991,3276,2220,471,73,13932
40701,104,28,5,435,0,0,46,120,161,119,29,0,481,0,3,17,46,53,62,29,8,216,21,15,35,46,52,39,25,7,235,885,1035,2105,2629,3284,3187,1061,210,14390
40702,211,54,10,976,0,6,141,265,350,265,72,19,1125,7,3,42,95,154,131,71,19,523,42,30,50,74,92,100,43,14,442,1650,2137,4584,5147,6251,5062,1567,343,26740
40703,220,36,3,860,0,8,113,196,254,206,34,5,818,6,5,34,89,115,127,48,8,421,38,34,77,80,95,118,32,17,495,1570,2334,4869,5143,6471,5466,1525,320,27695
49797,0,0,0,7,0,0,0,3,9,3,0,0,22,0,0,0,4,3,0,0,0,15,0,0,0,0,0,0,0,0,0,0,3,5,13,25,8,0,0,64
49999,191,27,0,1133,0,24,325,366,382,190,37,7,1332,8,12,90,155,156,92,36,4,551,18,47,122,119,135,112,32,6,591,1080,3145,6992,6833,8212,6315,1537,185,34306
50101,135,27,5,769,0,5,101,270,279,181,39,10,888,0,3,44,123,176,120,38,4,505,24,28,46,57,49,55,24,5,282,1268,1271,3361,4472,4508,3428,967,167,19438
50102,588,61,3,3062,0,103,1062,1548,1684,975,120,7,5503,4,25,324,622,664,405,73,8,2125,57,66,103,127,171,115,44,5,683,2582,3359,8394,9335,10296,7209,1561,203,42934
50103,78,13,5,360,0,4,51,98,138,121,25,9,447,0,0,11,45,43,33,37,7,172,16,5,11,17,32,52,20,0,157,495,459,1087,1560,2065,1988,759,159,8572
50201,266,36,0,1434,0,24,325,578,637,400,70,8,2041,0,7,84,211,281,177,30,12,800,49,49,67,73,94,65,15,0,419,2171,2482,4686,5344,6156,4297,1036,167,26336
50301,434,110,11,2728,4,22,846,1226,1180,822,189,36,4318,3,18,181,658,937,657,233,47,2731,29,62,117,101,121,78,42,5,549,1762,4244,9588,7977,8085,6113,1857,338,39969
50302,1886,347,23,14302,0,230,7327,9533,7583,4220,654,51,29607,6,73,3009,9039,8669,4243,746,78,25876,91,249,542,439,494,264,98,17,2202,4382,15737,53290,46165,38835,24420,5583,567,188978
50401,224,44,0,1237,0,12,248,425,453,282,67,3,1491,3,3,56,153,181,130,37,5,572,25,57,76,69,106,59,24,7,412,1687,2694,5709,5018,5269,3883,1075,111,25442
50402,111,18,0,479,0,3,67,143,183,135,21,0,557,0,0,19,60,73,49,18,4,225,12,18,16,32,38,25,12,0,164,621,790,1552,1786,2203,1706,514,69,9244
50403,626,86,6,3505,0,55,841,1333,1429,759,124,4,4548,0,8,207,513,614,338,84,11,1784,68,85,137,165,182,114,39,3,788,3341,5432,12251,11608,12147,7942,1788,186,54697
50501,512,78,7,2444,0,12,401,830,973,716,83,12,3029,0,12,154,359,500,293,78,3,1395,67,91,134,124,130,99,29,4,671,4604,5389,8705,8648,9839,7042,1672,159,46063
50502,744,130,18,4223,3,42,1105,1920,1894,1146,221,25,6350,8,22,344,975,1084,636,181,42,3286,71,93,199,197,190,145,45,13,962,3449,6923,16815,15155,14688,10272,2852,369,70529
50503,365,52,8,2403,3,38,567,881,907,462,74,0,2939,3,15,179,384,410,248,60,8,1299,71,84,112,137,162,96,20,4,690,3287,4510,9820,9581,9603,5803,1348,138,44095
50601,158,44,0,919,0,12,210,285,296,194,34,4,1043,0,3,56,109,123,76,13,10,390,45,36,58,37,58,41,15,4,287,1561,1879,3947,3549,3355,2568,646,79,17569
50602,656,110,4,4251,0,104,1831,2238,1914,1097,180,7,7374,7,39,509,1314,1340,699,119,16,4034,43,100,196,182,224,137,30,6,919,2163,6172,17286,14519,13203,8701,1894,185,64116
50603,793,116,9,4209,0,68,1130,1879,1842,1143,168,5,6249,6,13,255,741,906,628,127,21,2699,52,94,188,158,195,111,42,4,845,3018,6117,15286,13999,13636,9623,2203,181,64061
50604,261,63,6,1352,0,20,242,412,454,280,59,6,1474,3,12,68,154,152,105,34,7,531,25,50,58,61,76,59,18,8,350,1581,2425,5277,5135,5083,3742,1007,102,24345
50605,180,34,3,833,0,14,190,303,326,232,46,4,1126,0,8,46,109,140,111,18,3,438,25,23,34,40,44,32,15,0,209,1033,1270,2773,3002,3184,2406,687,97,14453
50606,54,4,0,252,0,4,58,90,92,45,11,6,297,0,0,16,35,41,29,8,5,132,8,7,12,16,18,16,5,0,83,297,410,925,927,1036,740,199,32,4577
50607,133,34,3,818,0,6,207,424,429,313,64,0,1446,0,3,73,191,269,220,59,10,822,9,26,26,20,35,17,11,0,147,634,1264,2987,2670,2728,2160,668,66,13175
50701,464,70,7,3024,0,73,1174,1450,1348,648,95,4,4793,0,14,377,736,711,376,76,3,2303,40,50,147,143,129,72,21,4,599,2302,4085,10536,10013,9338,5691,1204,137,43309
50702,344,66,5,1726,0,29,441,728,784,522,102,9,2618,0,13,158,357,452,282,101,14,1379,29,30,79,72,80,53,23,3,373,1319,2800,6181,5541,5868,4306,1217,146,27379
50703,232,29,0,1188,0,36,476,620,694,406,55,0,2292,0,3,162,326,414,221,26,0,1151,5,19,34,37,54,32,11,0,205,475,886,2865,3175,3199,2035,345,31,13009
50704,438,76,8,2424,0,21,748,939,979,669,120,18,3504,3,6,189,617,720,439,120,24,2125,35,68,116,98,131,69,27,4,549,2515,4280,8835,8137,8439,6223,1557,204,40189
50705,250,31,3,1770,0,40,467,657,658,363,48,3,2228,0,3,109,232,258,118,24,0,743,37,48,86,73,76,63,26,0,396,2800,3570,6439,6214,6432,3779,763,97,30091
50901,307,49,9,1202,0,8,160,336,441,356,71,15,1380,3,3,55,151,189,193,69,11,669,42,31,42,63,100,80,35,27,430,1487,1712,3830,4548,5747,4878,1555,300,24054
50902,276,62,15,1215,0,35,392,479,530,398,106,18,1961,3,10,114,226,290,197,70,20,926,22,21,50,63,94,110,39,18,431,864,1449,3810,3992,5049,4528,1654,404,21752
50903,155,36,13,761,0,33,336,385,395,224,39,9,1421,3,3,62,155,133,98,32,11,504,5,12,32,38,41,60,37,10,238,292,638,1829,2114,2445,2098,783,196,10396
51001,164,16,0,903,0,37,386,457,451,281,33,0,1645,0,4,168,252,224,139,30,5,828,8,18,52,53,50,30,13,0,227,378,760,2774,2596,2388,1769,364,47,11077
51002,243,30,0,1889,10,210,1854,1537,1298,618,73,3,5598,0,49,936,1029,891,403,45,4,3365,15,24,62,77,78,47,9,0,311,439,1239,5600,4777,4270,2416,363,34,19133
51003,461,53,4,3032,8,315,3009,2746,2310,1157,118,7,9676,10,216,2715,2998,2640,1233,124,3,9942,38,43,145,146,157,74,18,3,622,924,2146,10425,9616,8710,4770,688,65,37344
51101,76,13,0,396,0,26,163,192,214,104,18,7,723,0,5,73,97,138,66,21,3,409,10,9,20,21,23,19,5,0,109,309,462,1215,1192,1385,973,265,54,5846
51102,25,11,0,230,0,17,139,167,164,78,14,0,577,0,5,58,96,91,58,6,0,314,4,3,13,24,23,16,7,0,95,141,261,869,848,891,580,146,21,3755
51103,270,40,3,1986,13,149,1428,1302,1179,641,72,4,4792,4,32,439,655,592,292,44,4,2057,18,26,69,71,91,60,11,8,350,802,1586,5469,4849,4651,2929,524,55,20861
51104,320,42,8,1838,4,59,870,852,921,525,63,7,3299,6,18,244,389,452,263,57,9,1437,20,37,80,83,92,74,16,3,412,1128,1742,4968,5012,5535,4010,940,137,23480
59797,11,0,0,79,0,4,144,113,116,57,3,4,447,0,6,173,274,259,118,9,0,837,0,0,7,4,13,4,0,0,32,12,42,405,453,444,216,14,4,1595
59999,435,66,4,3185,3,159,1440,1367,1207,631,94,9,4914,6,56,554,763,673,358,60,7,2483,45,94,225,175,224,161,48,14,983,2008,5176,13020,11675,11952,8294,2019,229,54378
60101,29,0,0,102,0,0,11,22,24,20,0,0,84,0,0,7,5,8,3,3,0,24,5,3,6,6,14,8,0,0,38,189,234,589,600,632,465,101,12,2825
60102,168,20,0,783,0,4,89,198,255,177,35,4,754,0,8,36,74,100,79,15,8,316,19,22,29,41,43,33,8,0,199,1004,1359,2813,2961,3359,2650,574,77,14795
60103,208,17,3,865,0,4,99,224,280,180,25,3,799,0,4,24,65,100,85,19,6,309,17,30,41,52,64,38,17,3,271,1119,1746,4004,4381,4827,3726,712,92,20606
60104,62,4,3,310,0,3,41,106,136,76,15,0,378,0,0,8,33,54,42,16,4,159,17,4,14,15,15,19,14,4,99,686,745,1458,1608,1686,1377,363,40,7970
60105,627,66,6,3298,0,8,480,1212,1529,878,133,18,4261,3,5,100,501,701,516,142,15,1974,38,46,113,107,91,97,20,8,525,2157,4663,10970,11263,11881,8456,1756,204,51349
60106,23,0,0,95,0,0,17,22,28,26,0,0,91,0,0,3,12,9,4,5,0,35,8,3,5,3,11,11,7,0,38,289,236,511,577,711,591,176,26,3108
60201,374,48,0,1673,0,9,212,445,547,358,62,3,1642,6,3,61,179,274,225,64,6,818,37,54,74,93,111,89,27,3,485,2197,3651,6941,7411,8671,6507,1336,150,36869
60202,45,5,0,174,0,0,9,46,68,51,15,3,186,0,0,7,23,24,20,6,0,82,3,6,15,17,26,23,7,5,94,260,341,723,969,1267,1167,365,75,5172
60203,106,16,3,558,0,3,47,118,177,140,26,3,514,0,0,10,43,70,64,24,9,222,12,18,29,32,44,53,17,0,203,516,883,1945,2214,2869,2558,676,149,11808
60301,14,5,0,74,0,0,4,15,25,20,0,0,68,0,0,3,10,3,14,6,3,46,0,0,7,14,10,8,5,4,44,81,117,333,409,525,494,193,45,2207
60302,29,3,0,128,0,0,14,39,51,43,9,0,163,0,0,3,21,9,25,12,0,71,3,8,6,9,18,20,10,4,90,239,312,771,991,1160,1047,305,58,4887
60303,13,4,0,49,0,0,3,21,14,22,0,4,67,0,3,3,4,6,20,8,0,51,3,3,3,6,9,7,4,0,37,96,128,303,391,508,529,177,29,2166
60401,187,27,3,841,0,3,107,206,245,145,22,5,738,0,3,18,86,108,75,18,4,319,24,20,35,43,66,43,14,3,250,1289,1607,3139,3553,4650,3446,653,109,18442
60402,143,20,3,677,0,9,69,177,199,139,36,6,637,0,6,13,61,75,76,25,3,258,31,22,42,52,52,42,20,3,265,1144,1387,2897,3359,4045,3084,727,116,16767
60403,75,13,0,404,0,7,109,143,151,93,13,3,525,0,0,27,36,56,45,11,4,176,17,11,20,18,40,31,10,3,149,335,607,1352,1343,1722,1417,339,81,7203
69797,0,0,0,11,0,0,3,4,3,4,0,0,15,0,0,0,4,3,7,0,0,9,0,0,0,0,0,0,0,0,0,0,0,9,10,13,12,3,0,55
69999,52,7,0,251,0,9,60,78,75,47,6,0,280,0,5,26,32,53,33,8,4,158,15,23,27,33,34,40,13,3,186,314,712,1839,1778,2227,1841,369,54,9132
70101,361,58,4,2312,0,33,768,1129,1042,649,94,5,3727,0,12,186,512,628,425,83,6,1857,26,45,108,101,82,41,14,0,414,965,2506,7690,6238,5548,3567,806,88,27413
70102,337,50,3,1898,0,22,568,789,760,457,87,3,2690,0,11,217,374,345,239,42,10,1246,25,42,88,72,67,56,27,0,376,1127,1858,5726,5281,4706,3181,733,62,22672
70103,149,17,0,1190,8,85,887,834,632,341,37,3,2833,0,57,785,864,722,377,44,3,2848,16,25,48,51,74,37,10,0,249,452,1538,4287,3404,3033,1805,358,32,14906
70104,70,18,0,533,0,5,154,197,181,98,11,0,659,0,5,56,77,71,46,7,0,267,13,13,28,33,23,10,0,0,128,606,752,1838,1737,1438,835,172,18,7396
70201,308,50,0,1287,0,19,345,491,512,398,42,4,1816,0,4,62,163,255,156,41,0,677,18,31,80,65,66,49,22,0,333,729,1280,4048,3375,3501,2694,600,62,16277
70202,30,3,0,117,0,0,19,32,47,32,5,0,136,0,0,5,14,15,15,3,0,61,3,7,12,10,17,11,3,3,68,111,222,472,339,360,314,84,6,1913
70203,81,6,0,257,5,11,132,120,126,99,15,0,511,0,3,19,47,56,31,8,0,167,9,5,32,30,29,18,4,0,135,128,354,1087,953,1018,721,150,21,4432
70204,80,10,0,380,0,13,201,239,233,141,25,0,855,3,5,60,108,78,52,5,0,306,19,30,61,65,46,38,8,0,266,129,258,1038,1163,1033,682,140,12,4453
70205,102,18,0,441,3,11,142,127,141,100,23,4,555,0,3,31,54,52,38,15,4,193,8,26,46,30,38,34,10,0,180,304,616,1748,1259,1358,938,275,36,6525
79797,0,3,0,16,0,0,12,3,7,4,0,0,20,0,0,5,6,8,7,0,0,33,0,0,0,0,0,0,0,0,3,0,3,30,18,24,22,3,0,91
79999,24,7,0,296,0,17,173,127,111,66,8,0,499,0,13,133,84,54,36,4,0,319,5,9,16,24,16,22,3,0,85,110,264,1015,837,761,546,126,20,3674
80101,312,49,8,2296,0,16,560,1309,1203,667,97,6,3859,3,15,116,423,532,336,75,7,1514,21,33,60,67,63,27,13,6,287,1581,2953,6836,6707,5798,3600,897,100,28466
80103,135,13,4,1160,0,9,405,811,793,370,42,0,2428,3,6,99,300,408,205,35,0,1051,10,16,36,23,35,15,4,0,134,482,1200,3316,3217,3057,1624,272,22,13195
80104,106,23,0,859,0,6,236,457,403,187,40,0,1321,0,0,59,190,174,121,22,0,575,6,18,35,26,17,16,8,0,131,1349,1806,3746,3345,2635,1506,403,48,14840
80105,733,113,8,5523,3,29,2099,4409,4146,1964,241,12,12909,0,10,420,1510,2062,1210,179,12,5391,42,77,142,136,123,64,21,3,605,2277,6238,16464,15520,13694,7521,1399,130,63241
80106,612,124,8,4432,5,24,1694,3281,2937,1363,226,19,9541,0,8,350,1280,1761,1034,208,21,4668,43,58,138,125,118,66,23,16,576,2263,4809,13571,12892,11758,6990,1659,188,54124
80107,196,28,3,1278,0,14,417,849,954,488,61,3,2777,0,3,102,227,294,197,35,4,872,35,25,41,40,42,26,10,0,216,1723,1821,4016,3914,3943,2584,548,55,18594
80108,38,11,3,229,0,0,59,154,129,79,19,0,435,0,0,17,53,83,38,20,0,208,9,4,12,10,6,9,3,0,50,403,435,895,919,773,512,218,27,4182
80109,278,44,4,1837,0,16,597,1049,1133,579,97,17,3490,0,0,123,408,490,311,70,13,1413,18,28,54,52,56,32,6,3,258,1088,2219,5878,5291,4967,3077,687,103,23316
80110,0,0,0,19,0,0,5,17,14,8,0,0,43,0,0,0,4,5,0,3,0,22,0,0,3,0,0,0,0,0,8,11,31,77,69,57,30,14,0,280
80111,5,0,0,33,0,0,13,27,30,12,3,0,85,0,0,0,7,15,8,4,0,37,0,0,0,0,0,0,0,0,3,14,44,86,80,110,48,12,0,403
89797,0,0,0,0,0,0,0,0,0,0,0,0,0,0,0,0,0,0,0,0,0,0,0,0,0,0,0,0,0,0,0,0,0,0,0,0,0,0,0,0
89999,62,12,0,351,0,3,104,148,104,58,8,0,436,7,0,39,78,70,31,14,0,238,7,21,30,19,32,7,3,0,115,410,847,1681,1423,1279,896,251,32,6817
90101,19,8,0,111,0,7,31,40,40,34,12,0,167,0,0,11,21,25,6,3,0,62,0,0,0,3,0,3,0,0,11,10,56,202,200,241,182,91,5,986
90102,8,0,0,12,0,0,4,9,4,3,0,0,25,0,0,0,0,3,0,0,0,3,0,7,0,0,3,0,0,0,8,7,19,43,52,47,54,12,0,237
90103,8,0,0,37,0,3,4,14,7,8,0,0,41,0,0,4,6,11,12,0,0,31,0,0,3,3,0,3,0,0,7,9,57,114,111,84,83,11,0,478
90104,7,3,0,30,0,0,8,10,8,8,4,0,31,0,0,0,5,9,8,3,0,25,0,0,0,8,3,3,3,0,22,46,34,101,202,238,230,110,33,988
99797,0,0,0,0,0,0,0,0,0,0,0,0,0,0,0,0,0,0,0,0,0,0,0,0,0,0,0,0,0,0,0,0,0,0,0,0,0,0,0,0
99999,0,0,0,9,0,3,3,0,5,3,0,0,17,0,0,7,14,8,6,0,0,27,0,0,0,0,0,0,0,0,0,0,7,26,23,33,17,4,0,118